<core:FragmentDefinition xmlns:layout="sap.ui.layout"
	xmlns:form="sap.ui.layout.form" xmlns:core="sap.ui.core" xmlns="sap.m"
	class="lpBackgroundStyle lpCompleteRegister">

	<Page id="wizardReviewPage" showHeader="false">
		<content>

			<form:SimpleForm layout="ResponsiveGridLayout"
				adjustLabelSpan="false" emptySpanXL="0" emptySpanL="0" emptySpanM="0"
				emptySpanS="0" columnsXL="1" columnsL="1" columnsM="1"
				singleContainerFullSize="false">
				<form:content>
					<HBox alignItems="Center" justifyContent="Center">
						<Image class="selfRegister_lp_banner" src="../../selfRegister/images/leaseplan_logo.png" />
					</HBox>
				</form:content>
			</form:SimpleForm>

			<form:SimpleForm layout="ResponsiveGridLayout"
				labelSpanXL="1" labelSpanL="1" labelSpanM="1" labelSpanS="12"
				adjustLabelSpan="false" emptySpanXL="1" emptySpanL="1" emptySpanM="1"
				emptySpanS="0" columnsXL="1" columnsL="1" columnsM="1"
				singleContainerFullSize="false">
				<form:content>
					<Label text="" />
					<Title text="1. Basic Info" class="lpTextSection" />
				</form:content>
			</form:SimpleForm>

			<form:SimpleForm title="" editable="false"
				layout="ResponsiveGridLayout" labelSpanXL="3" labelSpanL="3"
				labelSpanM="3" labelSpanS="12" adjustLabelSpan="false" emptySpanXL="3"
				emptySpanL="3" emptySpanM="3" emptySpanS="0" columnsXL="1" columnsL="1"
				columnsM="1">
				<form:content>
					<Label text="Title" />
					<Text id="Title" text="{/title}" />
					<Label text="Full Address" />
					<Text id="FullAddress" text="{/pre_formatted_address}" />
					<Label text="Date of Birth" />
					<Text id="DateBirth" text="{/dateBirth}" />
					<Link press="editStepOne" class="lpEdit" text="Edit" />
				</form:content>
			</form:SimpleForm>

			<form:SimpleForm layout="ResponsiveGridLayout"
				labelSpanXL="1" labelSpanL="1" labelSpanM="1" labelSpanS="12"
				adjustLabelSpan="false" emptySpanXL="1" emptySpanL="1" emptySpanM="1"
				emptySpanS="0" columnsXL="1" columnsL="1" columnsM="1"
				singleContainerFullSize="false">
				<form:content>
					<Label text="" />
					<Title text="2. Additional Info" class="lpTextSection" />
				</form:content>
			</form:SimpleForm>
		
			<form:SimpleForm title="" editable="false"
				layout="ResponsiveGridLayout" labelSpanXL="3" labelSpanL="3"
				labelSpanM="3" labelSpanS="12" adjustLabelSpan="false" emptySpanXL="3"
				emptySpanL="3" emptySpanM="3" emptySpanS="0" columnsXL="1" columnsL="1"
				columnsM="1">
				<form:content>
					<Label text="Phone Number" />
					<Text id="PhoneNumber" text="{/phoneNumber}" />
					<Label text="Mobile Number" />
					<Text id="MobileNumber" text="{/mobileNumber}" />
					<Label text="Driver Licence" />
					<Text id="DriverLicence" text="{/driverLicence}" />
					<Label text="State" />
					<Text id="State" text="{/licenceRegion}" />

					<Link press="editStepTwo" class="lpEdit" text="Edit" />
				</form:content>
			</form:SimpleForm>
		
			<form:SimpleForm layout="ResponsiveGridLayout"
				labelSpanXL="1" labelSpanL="1" labelSpanM="1" labelSpanS="12"
				adjustLabelSpan="false" emptySpanXL="1" emptySpanL="1" emptySpanM="1"
				emptySpanS="0" columnsXL="1" columnsL="1" columnsM="1"
				singleContainerFullSize="false">
				<form:content>
					<Label text="" />
					<Title text="3. Optional" class="lpTextSection" />
				</form:content>
			</form:SimpleForm>
		
			<form:SimpleForm title="" editable="false"
				layout="ResponsiveGridLayout" labelSpanXL="3" labelSpanL="3"
				labelSpanM="3" labelSpanS="12" adjustLabelSpan="false" emptySpanXL="3"
				emptySpanL="3" emptySpanM="3" emptySpanS="0" columnsXL="1" columnsL="1"
				columnsM="1">
				<form:content>
					<Label text="Salary/Employment Number" />
					<Text id="EmploymentNumber" text="{/employeeNumber}" />
					<Link press="editStepThree" class="lpEdit" text="Edit" />
				</form:content>
			</form:SimpleForm>
		</content>
		<footer>
			<Bar>
				<contentLeft>
					<Button text="CANCEL" press="handleWizardCancel"></Button>
				</contentLeft>
				<contentRight>
					<Button text="SUBMIT" press="handleWizardSubmit"></Button>
				</contentRight>
			</Bar>
		</footer>
	</Page>
</core:FragmentDefinition>