{
"initialiseUsers":[
		{"firstName" :"automationTestF04","lastName" :"automationTestL","emailAddress" :"automationTest04@telstra.com.au","password":"Welcome1","verIndicator":"false"},
		{"firstName" :"automationTestF05","lastName" :"automationTestL","emailAddress" :"automationTest05@telstra.com.au","password":"Welcome1","verIndicator":"false"}
],

"verifyInitialUsers" :[
		{"firstName" :"automationTestF04","lastName" :"automationTestL","emailAddress" :"automationTest04@telstra.com.au","password":"Welcome1","verIndicator":"true","refNumber":"yzISfxEISGTGGYiULHOOKLoTbuzfrNKKnwYLqULE"},
		{"firstName" :"automationTestF05","lastName" :"automationTestL","emailAddress" :"automationTest05@telstra.com.au","password":"Welcome1","verIndicator":"true","refNumber":"yzISfxEISGTGGYiULHOOKLoTbuzfrNKKnwYLqULE"}
],

"checkEmails" :[
		{"emailAddress" :"automationTest04@telstra.com.au"},
		{"emailAddress" :"automationTest05@telstra.com.au"}
],

"checkCustomerNumbers" :[
		{"emailAddress":"automationTest04@telstra.com.au","customerNumber":"1000043766"},
	    {"emailAddress":"automationTest05@telstra.com.au","customerNumber":"1000043767"}
		
],
"validateWorkEmails" :[
		{"emailAddress" :"automationTest04@telstra.com.au","refNumber" :"1234","resgistrationURL" : "https://www.domaintest.com","firstName" :"automationTestF04","lastName" :"automationTestL","verIndicator":"false"},
		{"emailAddress" :"automationTest05@telstra.com.au","refNumber" :"4321","resgistrationURL" : "https://www.domaintest.com","firstName" :"automationTestF05","lastName" :"automationTestL","verIndicator":"false"}
]


}