<core:FragmentDefinition xmlns="sap.m" 
	xmlns:mvc="sap.ui.core.mvc" 
	xmlns:core="sap.ui.core" 
	xmlns:form="sap.ui.layout.form" 
	xmlns:layout="sap.ui.layout"  
	class="lpBackgroundStyle lpCompleteRegister" >
		<Dialog id="lpSystemMessage"  class="lpFragment" showHeader="false">
			<form:Form>
				<form:layout>
					<form:ResponsiveGridLayout/>
				</form:layout>
				<form:formContainers>
					<form:FormContainer title="">
						<form:formElements>
							
							<form:FormElement >
								<HBox alignItems="Center" justifyContent="Center" >
										<Image visible="false"  id="lpSystemMessage_iconSuccess" class="lp_confirm" src="../../selfRegister/images/checkMark.png"/>
								</HBox>
							</form:FormElement>
							
							<form:FormElement>
								<HBox alignItems="Center" justifyContent="Center" >
										<Image visible="false"  id="lpSystemMessage_iconFail" class="lp_confirm" src="../../selfRegister/images/reject.png"/>
								</HBox>
							</form:FormElement>
											
							<form:FormElement>
								<form:fields>
									<Text id="lpSystemMessage_systemMessage"  class="lpCustomerMsg" text="" />
								</form:fields>
						  </form:FormElement>

						   <form:FormElement>
								<form:fields>
									<FlexBox class="sapUiNoMargin" justifyContent="Center" >
											<Button  text="NEXT" class="selfRegBtn" id="lpSystemMessage_goPortalOnline" visible="false" press="gotoPortal" >
											<layoutData>
												<layout:GridData span="{= ${device>/orientation/portrait} ? 'L2 M6 S12' : 'L6 M6 S6' }"/>
											</layoutData>
										</Button>
									</FlexBox>
								</form:fields>
							</form:FormElement>
						</form:formElements>
					</form:FormContainer>
				</form:formContainers>
			</form:Form>
	</Dialog>
</core:FragmentDefinition>