<?xml version="1.0" encoding="UTF-8"?>

<beans:beans xmlns:mvc="http://www.springframework.org/schema/mvc"
	xmlns:xsi="http://www.w3.org/2001/XMLSchema-instance"
	xmlns:beans="http://www.springframework.org/schema/beans"
	xmlns:context="http://www.springframework.org/schema/context"
	xmlns:tx="http://www.springframework.org/schema/tx" 
	xmlns:jdbc="http://www.springframework.org/schema/jdbc"
	xsi:schemaLocation="http://www.springframework.org/schema/mvc http://www.springframework.org/schema/mvc/spring-mvc.xsd
		http://www.springframework.org/schema/beans http://www.springframework.org/schema/beans/spring-beans.xsd
		http://www.springframework.org/schema/jdbc http://www.springframework.org/schema/jdbc/spring-jdbc.xsd
		http://www.springframework.org/schema/tx http://www.springframework.org/schema/tx/spring-tx.xsd
		http://www.springframework.org/schema/context http://www.springframework.org/schema/context/spring-context.xsd">

	<mvc:annotation-driven />
	<tx:annotation-driven /> 
	
	<context:spring-configured />
	<!-- Enables the Spring MVC @Controller programming model -->
	<context:annotation-config />
	<context:component-scan base-package="com.lp.portalService" />	   
		
	<!-- Handles HTTP GET requests for /resources/** by efficiently serving up static resources in the ${webappRoot}/resources directory -->
	<mvc:resources mapping="/resources/**" location="/resources/" />

	<!-- Resolves views selected for rendering by @Controllers to .jsp resources in the /WEB-INF/views directory -->
	<beans:bean class="org.springframework.web.servlet.view.InternalResourceViewResolver">
	  <beans:property name="viewClass"
            value="org.springframework.web.servlet.view.JstlView" />
		<beans:property name="prefix" value="/WEB-INF/views/" />
		<beans:property name="suffix" value=".jsp" />
	</beans:bean>
	
	   
    <tx:annotation-driven mode="aspectj"
		transaction-manager="transactionManager" />
	
	<beans:bean id="jsonMessageConverter" class="org.springframework.http.converter.json.MappingJackson2HttpMessageConverter">
           <beans:property name="prefixJson" value="true"/>
           <beans:property name="supportedMediaTypes" value="application/json"/>
           <beans:property name="objectMapper">
               <beans:bean class="com.fasterxml.jackson.databind.ObjectMapper">
                   <beans:property name="serializationInclusion" value="NON_NULL"/>
               </beans:bean>
           </beans:property>
       </beans:bean>        
	
</beans:beans>

