<?xml version="1.0" encoding="UTF-8"?>
<configuration>
<!--
	<property name="LOG_HOME" value="/Users/weitao/logs" />
    <property name="LOG_HOME" value="/home/bitnami/uookee-logs" />
	-->
  <property name="LOG_HOME" value="/home/bitnami/uookee-logs" />
	<appender name="FILE-AUDIT" class="ch.qos.logback.core.rolling.RollingFileAppender">
		
		<file>${LOG_HOME}/application.log</file>
		<encoder class="ch.qos.logback.classic.encoder.PatternLayoutEncoder">
			<Pattern>
				%d{yyyy-MM-dd HH:mm:ss} [%thread] %-5level %class{36}.%M %L  - %msg%n
			</Pattern>
		</encoder>
		<rollingPolicy class="ch.qos.logback.core.rolling.TimeBasedRollingPolicy">
			<!-- rollover daily -->
			<fileNamePattern>${LOG_HOME}/archived/application.%d{yyyy-MM-dd}.%i.log
						</fileNamePattern>
			<timeBasedFileNamingAndTriggeringPolicy
				class="ch.qos.logback.core.rolling.SizeAndTimeBasedFNATP">
				<maxFileSize>5MB</maxFileSize>
			</timeBasedFileNamingAndTriggeringPolicy>
		</rollingPolicy>
	</appender>


	<appender name="SPRING-BOOT"
		class="ch.qos.logback.core.rolling.RollingFileAppender">
		<file>${LOG_HOME}/spring-boot.log</file>
		<encoder class="ch.qos.logback.classic.encoder.PatternLayoutEncoder">
			<Pattern>
				%d{yyyy-MM-dd HH:mm:ss} - %msg%n
			</Pattern>
		</encoder>

		<rollingPolicy class="ch.qos.logback.core.rolling.TimeBasedRollingPolicy">
			<!-- rollover daily -->
			<fileNamePattern>${LOG_HOME}/archived/spring-boot.%d{yyyy-MM-dd}.%i.log
						</fileNamePattern>
			<timeBasedFileNamingAndTriggeringPolicy
				class="ch.qos.logback.core.rolling.SizeAndTimeBasedFNATP">
				<maxFileSize>5MB</maxFileSize>
			</timeBasedFileNamingAndTriggeringPolicy>
		</rollingPolicy>

	</appender>

	<logger name="com.gi" level="DEBUG"
		additivity="false">
		<appender-ref ref="FILE-AUDIT" />
	</logger>

	<root level="INFO">
		<appender-ref ref="SPRING-BOOT" />
	</root>

</configuration>