<?xml version="1.0" encoding="UTF-8"?>
<beans xmlns="http://www.springframework.org/schema/beans"
	xmlns:xsi="http://www.w3.org/2001/XMLSchema-instance" xmlns:context="http://www.springframework.org/schema/context"
	xmlns:mongo="http://www.springframework.org/schema/data/mongo"
	xsi:schemaLocation="http://www.springframework.org/schema/context
          http://www.springframework.org/schema/context/spring-context-3.0.xsd
          http://www.springframework.org/schema/data/mongo
          http://www.springframework.org/schema/data/mongo/spring-mongo-1.0.xsd
          http://www.springframework.org/schema/beans
          http://www.springframework.org/schema/beans/spring-beans-3.0.xsd">

	<mongo:mongo host="localhost" port="27017" />
	
	<mongo:db-factory dbname="GI-UOOKEE-TEST" />

	<bean id="mappingContext"
		class="org.springframework.data.mongodb.core.mapping.MongoMappingContext"></bean>

	<bean id="defaultMongoTypeMapper"
		class="org.springframework.data.mongodb.core.convert.DefaultMongoTypeMapper">
		<constructor-arg name="typeKey" value="null" />
	</bean>

	<bean id="mappingMongoConverter"
		class="org.springframework.data.mongodb.core.convert.MappingMongoConverter">
		<constructor-arg name="mongoDbFactory" ref="mongoDbFactory" />
		<constructor-arg name="mappingContext" ref="mappingContext" />
		<property name="typeMapper" ref="defaultMongoTypeMapper" />
	</bean>

	<bean id="mongoTemplate" class="org.springframework.data.mongodb.core.MongoTemplate">
		<constructor-arg name="mongoDbFactory" ref="mongoDbFactory" />
		<constructor-arg name="mongoConverter" ref="mappingMongoConverter" />
	</bean>

</beans>
