<core:FragmentDefinition xmlns="sap.m" 
	xmlns:mvc="sap.ui.core.mvc" 
	xmlns:core="sap.ui.core" 
	xmlns:form="sap.ui.layout.form" 
	xmlns:layout="sap.ui.layout"
	  class ="lpCompleteRegister"
	 >
	<Dialog id="verifyUserCode"  class="lpFragment" showHeader="false">
	 <form:Form>
		<form:layout>
			<form:ResponsiveGridLayout/>
		</form:layout>
		<form:formContainers>
			<form:FormContainer title="">
				<form:formElements>
					<form:FormElement >
					    <HBox alignItems="Center" justifyContent="Center" width="100%">
							 	<Image  class="selfRegister_lp_banner_review selfRegister_lp_logo" src="../../selfRegister/images/leaseplan_logo.png"/>
						</HBox>
				  </form:FormElement>
				
					<form:FormElement >
						<form:fields>
						    <layout:VerticalLayout id="lpIcon"/> 
						</form:fields>
					</form:FormElement>
			    	<form:FormElement>
						  <HBox alignItems="Center" justifyContent="Center" >
								<Image  id="iconImg" class="lp_confirm" src="../../selfRegister/images/checkMark.png"/>
						 </HBox>
					</form:FormElement> 
					<form:FormElement>
						<form:fields>
							<Text id="customerMessage"  class="lpCustomerMsg" text="" />
						</form:fields>
				   </form:FormElement>
				
					<form:FormElement>
						<form:fields>
							<FlexBox class="sapUiNoMargin" justifyContent="Center"  >
									<Button  text="RESEND CODE" class="selfRegBtn" id="resendCodeBtn" press="sendVerLink" >
										<layoutData>
											<layout:GridData span="{= ${device>/orientation/portrait} ? 'L2 M6 S12' : 'L6 M6 S6' }"/>
										</layoutData>
									</Button>
									<Button  text="GO TO LEASEPLAN ONLINE" class="selfRegBtn" id="goPortalOnline" visible="false" press="goToPortal" >
									<layoutData>
										<layout:GridData span="{= ${device>/orientation/portrait} ? 'L2 M6 S12' : 'L6 M6 S6' }"/>
									</layoutData>
								</Button>
						    </FlexBox>
					  </form:fields>
				   </form:FormElement>
				   
				   
				</form:formElements>
			</form:FormContainer>
		</form:formContainers>
	</form:Form>
</Dialog>
</core:FragmentDefinition>